{"cameraMode":{"drawMode":0,"name":"Shaded","section":"Shading Mode"},"sceneLighting":false,"audioPlay":false,"sceneViewState":{"showFog":true,"showMaterialUpdate":false,"showSkybox":true,"showFlares":true,"showImageEffects":true,"showParticleSystems":true},"in2DMode":false,"pivot":{"x":-0.0011281287297606469,"y":0.05870501697063446,"z":0.03477045148611069},"rotation":{"x":-0.1939801722764969,"y":0.12382373213768006,"z":-0.024689434096217157,"w":-0.972846269607544},"size":0.30829745531082156,"orthographic":false}