{"cameraMode":{"drawMode":0,"name":"Shaded","section":"Shading Mode"},"sceneLighting":false,"audioPlay":false,"sceneViewState":{"showFog":true,"showMaterialUpdate":false,"showSkybox":true,"showFlares":true,"showImageEffects":true,"showParticleSystems":true},"in2DMode":false,"pivot":{"x":0.7350823879241943,"y":0.0,"z":-2.0457987785339357},"rotation":{"x":-0.1939801722764969,"y":0.12382373213768006,"z":-0.024689434096217157,"w":-0.972846269607544},"size":9.482274055480957,"orthographic":false}