{"cameraMode":{"drawMode":0,"name":"Shaded","section":"Shading Mode"},"sceneLighting":false,"audioPlay":false,"sceneViewState":{"showFog":true,"showMaterialUpdate":false,"showSkybox":true,"showFlares":true,"showImageEffects":true,"showParticleSystems":true},"in2DMode":false,"pivot":{"x":-0.46669459342956545,"y":0.05787988007068634,"z":-1.3274983167648316},"rotation":{"x":-0.3270511329174042,"y":0.026077277958393098,"z":-0.009028536267578602,"w":-0.9446036219596863},"size":0.4771862328052521,"orthographic":false}