{"cameraMode":{"drawMode":0,"name":"Shaded","section":"Shading Mode"},"sceneLighting":false,"audioPlay":false,"sceneViewState":{"showFog":true,"showMaterialUpdate":false,"showSkybox":true,"showFlares":true,"showImageEffects":true,"showParticleSystems":true},"in2DMode":false,"pivot":{"x":0.2977428436279297,"y":0.2168254554271698,"z":0.4008176028728485},"rotation":{"x":0.001111313933506608,"y":0.9843016266822815,"z":-0.1763819307088852,"w":0.0062036653980612759},"size":0.30829745531082156,"orthographic":false}