{"cameraMode":{"drawMode":0,"name":"Shaded","section":"Shading Mode"},"sceneLighting":false,"audioPlay":false,"sceneViewState":{"showFog":true,"showMaterialUpdate":false,"showSkybox":true,"showFlares":true,"showImageEffects":true,"showParticleSystems":true},"in2DMode":false,"pivot":{"x":0.779748260974884,"y":0.3002881705760956,"z":0.5045272707939148},"rotation":{"x":-0.1939801722764969,"y":0.12382373213768006,"z":-0.024689434096217157,"w":-0.972846269607544},"size":1.8707882165908814,"orthographic":false}